<?xml version="1.0" encoding="UTF-8"?>
<Tokens version="1.0">
	<File path="Classes/BITTelemetryContext.html">
		
		<Token>
			<TokenIdentifier>//apple_ref/occ/cl/BITTelemetryContext</TokenIdentifier>
			<Abstract type="html">Context object which contains information about the device, user, session etc.</Abstract>
			<DeclaredIn>BITTelemetryContext.h</DeclaredIn>
            
			
			<NodeRef refid="24"/>
		</Token>
		
		
		<Token>
			<TokenIdentifier>//apple_ref/occ/instm/BITTelemetryContext/setPersistence:</TokenIdentifier>
			<Abstract type="html">The persistence instance used to save/load metadata.</Abstract>
			<DeclaredIn>BITTelemetryContext.h</DeclaredIn>
			
			<Declaration>@property (nonatomic, strong) BITPersistence *persistence</Declaration>
			
			
			<Anchor>//api/name/persistence</Anchor>
            <NodeRef refid="24"/>
		</Token>
		
		<Token>
			<TokenIdentifier>//apple_ref/occ/instm/BITTelemetryContext/persistence</TokenIdentifier>
			<Abstract type="html">The persistence instance used to save/load metadata.</Abstract>
			<DeclaredIn>BITTelemetryContext.h</DeclaredIn>
			
			<Declaration>@property (nonatomic, strong) BITPersistence *persistence</Declaration>
			
			
			<Anchor>//api/name/persistence</Anchor>
            <NodeRef refid="24"/>
		</Token>
		
		<Token>
			<TokenIdentifier>//apple_ref/occ/instp/BITTelemetryContext/persistence</TokenIdentifier>
			<Abstract type="html">The persistence instance used to save/load metadata.</Abstract>
			<DeclaredIn>BITTelemetryContext.h</DeclaredIn>
			
			<Declaration>@property (nonatomic, strong) BITPersistence *persistence</Declaration>
			
			
			<Anchor>//api/name/persistence</Anchor>
            <NodeRef refid="24"/>
		</Token>
		
		<Token>
			<TokenIdentifier>//apple_ref/occ/instm/BITTelemetryContext/setAppIdentifier:</TokenIdentifier>
			<Abstract type="html">The instrumentation key of the app.</Abstract>
			<DeclaredIn>BITTelemetryContext.h</DeclaredIn>
			
			<Declaration>@property (nonatomic, copy) NSString *appIdentifier</Declaration>
			
			
			<Anchor>//api/name/appIdentifier</Anchor>
            <NodeRef refid="24"/>
		</Token>
		
		<Token>
			<TokenIdentifier>//apple_ref/occ/instm/BITTelemetryContext/appIdentifier</TokenIdentifier>
			<Abstract type="html">The instrumentation key of the app.</Abstract>
			<DeclaredIn>BITTelemetryContext.h</DeclaredIn>
			
			<Declaration>@property (nonatomic, copy) NSString *appIdentifier</Declaration>
			
			
			<Anchor>//api/name/appIdentifier</Anchor>
            <NodeRef refid="24"/>
		</Token>
		
		<Token>
			<TokenIdentifier>//apple_ref/occ/instp/BITTelemetryContext/appIdentifier</TokenIdentifier>
			<Abstract type="html">The instrumentation key of the app.</Abstract>
			<DeclaredIn>BITTelemetryContext.h</DeclaredIn>
			
			<Declaration>@property (nonatomic, copy) NSString *appIdentifier</Declaration>
			
			
			<Anchor>//api/name/appIdentifier</Anchor>
            <NodeRef refid="24"/>
		</Token>
		
		<Token>
			<TokenIdentifier>//apple_ref/occ/instm/BITTelemetryContext/setOperationsQueue:</TokenIdentifier>
			<Abstract type="html">A queue which makes array operations thread safe.</Abstract>
			<DeclaredIn>BITTelemetryContext.h</DeclaredIn>
			
			<Declaration>@property (nonatomic, strong) dispatch_queue_t operationsQueue</Declaration>
			
			
			<Anchor>//api/name/operationsQueue</Anchor>
            <NodeRef refid="24"/>
		</Token>
		
		<Token>
			<TokenIdentifier>//apple_ref/occ/instm/BITTelemetryContext/operationsQueue</TokenIdentifier>
			<Abstract type="html">A queue which makes array operations thread safe.</Abstract>
			<DeclaredIn>BITTelemetryContext.h</DeclaredIn>
			
			<Declaration>@property (nonatomic, strong) dispatch_queue_t operationsQueue</Declaration>
			
			
			<Anchor>//api/name/operationsQueue</Anchor>
            <NodeRef refid="24"/>
		</Token>
		
		<Token>
			<TokenIdentifier>//apple_ref/occ/instp/BITTelemetryContext/operationsQueue</TokenIdentifier>
			<Abstract type="html">A queue which makes array operations thread safe.</Abstract>
			<DeclaredIn>BITTelemetryContext.h</DeclaredIn>
			
			<Declaration>@property (nonatomic, strong) dispatch_queue_t operationsQueue</Declaration>
			
			
			<Anchor>//api/name/operationsQueue</Anchor>
            <NodeRef refid="24"/>
		</Token>
		
		<Token>
			<TokenIdentifier>//apple_ref/occ/instm/BITTelemetryContext/setApplication:</TokenIdentifier>
			<Abstract type="html">The application context.</Abstract>
			<DeclaredIn>BITTelemetryContext.h</DeclaredIn>
			
			<Declaration>@property (nonatomic, strong, readonly) BITApplication *application</Declaration>
			
			
			<Anchor>//api/name/application</Anchor>
            <NodeRef refid="24"/>
		</Token>
		
		<Token>
			<TokenIdentifier>//apple_ref/occ/instm/BITTelemetryContext/application</TokenIdentifier>
			<Abstract type="html">The application context.</Abstract>
			<DeclaredIn>BITTelemetryContext.h</DeclaredIn>
			
			<Declaration>@property (nonatomic, strong, readonly) BITApplication *application</Declaration>
			
			
			<Anchor>//api/name/application</Anchor>
            <NodeRef refid="24"/>
		</Token>
		
		<Token>
			<TokenIdentifier>//apple_ref/occ/instp/BITTelemetryContext/application</TokenIdentifier>
			<Abstract type="html">The application context.</Abstract>
			<DeclaredIn>BITTelemetryContext.h</DeclaredIn>
			
			<Declaration>@property (nonatomic, strong, readonly) BITApplication *application</Declaration>
			
			
			<Anchor>//api/name/application</Anchor>
            <NodeRef refid="24"/>
		</Token>
		
		<Token>
			<TokenIdentifier>//apple_ref/occ/instm/BITTelemetryContext/setDevice:</TokenIdentifier>
			<Abstract type="html">The device context.</Abstract>
			<DeclaredIn>BITTelemetryContext.h</DeclaredIn>
			
			<Declaration>@property (nonatomic, strong, readonly) BITDevice *device</Declaration>
			
			
			<Anchor>//api/name/device</Anchor>
            <NodeRef refid="24"/>
		</Token>
		
		<Token>
			<TokenIdentifier>//apple_ref/occ/instm/BITTelemetryContext/device</TokenIdentifier>
			<Abstract type="html">The device context.</Abstract>
			<DeclaredIn>BITTelemetryContext.h</DeclaredIn>
			
			<Declaration>@property (nonatomic, strong, readonly) BITDevice *device</Declaration>
			
			
			<Anchor>//api/name/device</Anchor>
            <NodeRef refid="24"/>
		</Token>
		
		<Token>
			<TokenIdentifier>//apple_ref/occ/instp/BITTelemetryContext/device</TokenIdentifier>
			<Abstract type="html">The device context.</Abstract>
			<DeclaredIn>BITTelemetryContext.h</DeclaredIn>
			
			<Declaration>@property (nonatomic, strong, readonly) BITDevice *device</Declaration>
			
			
			<Anchor>//api/name/device</Anchor>
            <NodeRef refid="24"/>
		</Token>
		
		<Token>
			<TokenIdentifier>//apple_ref/occ/instm/BITTelemetryContext/setSession:</TokenIdentifier>
			<Abstract type="html">The session context.</Abstract>
			<DeclaredIn>BITTelemetryContext.h</DeclaredIn>
			
			<Declaration>@property (nonatomic, strong, readonly) BITSession *session</Declaration>
			
			
			<Anchor>//api/name/session</Anchor>
            <NodeRef refid="24"/>
		</Token>
		
		<Token>
			<TokenIdentifier>//apple_ref/occ/instm/BITTelemetryContext/session</TokenIdentifier>
			<Abstract type="html">The session context.</Abstract>
			<DeclaredIn>BITTelemetryContext.h</DeclaredIn>
			
			<Declaration>@property (nonatomic, strong, readonly) BITSession *session</Declaration>
			
			
			<Anchor>//api/name/session</Anchor>
            <NodeRef refid="24"/>
		</Token>
		
		<Token>
			<TokenIdentifier>//apple_ref/occ/instp/BITTelemetryContext/session</TokenIdentifier>
			<Abstract type="html">The session context.</Abstract>
			<DeclaredIn>BITTelemetryContext.h</DeclaredIn>
			
			<Declaration>@property (nonatomic, strong, readonly) BITSession *session</Declaration>
			
			
			<Anchor>//api/name/session</Anchor>
            <NodeRef refid="24"/>
		</Token>
		
		<Token>
			<TokenIdentifier>//apple_ref/occ/instm/BITTelemetryContext/setUser:</TokenIdentifier>
			<Abstract type="html">The user context.</Abstract>
			<DeclaredIn>BITTelemetryContext.h</DeclaredIn>
			
			<Declaration>@property (nonatomic, strong, readonly) BITUser *user</Declaration>
			
			
			<Anchor>//api/name/user</Anchor>
            <NodeRef refid="24"/>
		</Token>
		
		<Token>
			<TokenIdentifier>//apple_ref/occ/instm/BITTelemetryContext/user</TokenIdentifier>
			<Abstract type="html">The user context.</Abstract>
			<DeclaredIn>BITTelemetryContext.h</DeclaredIn>
			
			<Declaration>@property (nonatomic, strong, readonly) BITUser *user</Declaration>
			
			
			<Anchor>//api/name/user</Anchor>
            <NodeRef refid="24"/>
		</Token>
		
		<Token>
			<TokenIdentifier>//apple_ref/occ/instp/BITTelemetryContext/user</TokenIdentifier>
			<Abstract type="html">The user context.</Abstract>
			<DeclaredIn>BITTelemetryContext.h</DeclaredIn>
			
			<Declaration>@property (nonatomic, strong, readonly) BITUser *user</Declaration>
			
			
			<Anchor>//api/name/user</Anchor>
            <NodeRef refid="24"/>
		</Token>
		
		<Token>
			<TokenIdentifier>//apple_ref/occ/instm/BITTelemetryContext/setInternal:</TokenIdentifier>
			<Abstract type="html">The internal context.</Abstract>
			<DeclaredIn>BITTelemetryContext.h</DeclaredIn>
			
			<Declaration>@property (nonatomic, strong, readonly) BITInternal *internal</Declaration>
			
			
			<Anchor>//api/name/internal</Anchor>
            <NodeRef refid="24"/>
		</Token>
		
		<Token>
			<TokenIdentifier>//apple_ref/occ/instm/BITTelemetryContext/internal</TokenIdentifier>
			<Abstract type="html">The internal context.</Abstract>
			<DeclaredIn>BITTelemetryContext.h</DeclaredIn>
			
			<Declaration>@property (nonatomic, strong, readonly) BITInternal *internal</Declaration>
			
			
			<Anchor>//api/name/internal</Anchor>
            <NodeRef refid="24"/>
		</Token>
		
		<Token>
			<TokenIdentifier>//apple_ref/occ/instp/BITTelemetryContext/internal</TokenIdentifier>
			<Abstract type="html">The internal context.</Abstract>
			<DeclaredIn>BITTelemetryContext.h</DeclaredIn>
			
			<Declaration>@property (nonatomic, strong, readonly) BITInternal *internal</Declaration>
			
			
			<Anchor>//api/name/internal</Anchor>
            <NodeRef refid="24"/>
		</Token>
		
		<Token>
			<TokenIdentifier>//apple_ref/occ/instm/BITTelemetryContext/initWithAppIdentifier:persistence:</TokenIdentifier>
			<Abstract type="html">Initializes a telemetry context.</Abstract>
			<DeclaredIn>BITTelemetryContext.h</DeclaredIn>
			
			<Declaration>- (instancetype)initWithAppIdentifier:(NSString *)appIdentifier persistence:(BITPersistence *)persistence</Declaration>
			<Parameters>
				<Parameter>
					<Name>appIdentifier</Name>
					<Abstract type="html">the appIdentifier of the app</Abstract>
				</Parameter><Parameter>
					<Name>persistence</Name>
					<Abstract type="html">the persistence used to save and load metadata</Abstract>
				</Parameter>
			</Parameters>
			<ReturnValue><Abstract type="html">the telemetry context</Abstract></ReturnValue>
			<Anchor>//api/name/initWithAppIdentifier:persistence:</Anchor>
            <NodeRef refid="24"/>
		</Token>
		
		<Token>
			<TokenIdentifier>//apple_ref/occ/instm/BITTelemetryContext/setTags:</TokenIdentifier>
			<Abstract type="html">A dictionary which holds static tag fields for the purpose of caching</Abstract>
			<DeclaredIn>BITTelemetryContext.h</DeclaredIn>
			
			<Declaration>@property (nonatomic, strong) BITOrderedDictionary *tags</Declaration>
			
			
			<Anchor>//api/name/tags</Anchor>
            <NodeRef refid="24"/>
		</Token>
		
		<Token>
			<TokenIdentifier>//apple_ref/occ/instm/BITTelemetryContext/tags</TokenIdentifier>
			<Abstract type="html">A dictionary which holds static tag fields for the purpose of caching</Abstract>
			<DeclaredIn>BITTelemetryContext.h</DeclaredIn>
			
			<Declaration>@property (nonatomic, strong) BITOrderedDictionary *tags</Declaration>
			
			
			<Anchor>//api/name/tags</Anchor>
            <NodeRef refid="24"/>
		</Token>
		
		<Token>
			<TokenIdentifier>//apple_ref/occ/instp/BITTelemetryContext/tags</TokenIdentifier>
			<Abstract type="html">A dictionary which holds static tag fields for the purpose of caching</Abstract>
			<DeclaredIn>BITTelemetryContext.h</DeclaredIn>
			
			<Declaration>@property (nonatomic, strong) BITOrderedDictionary *tags</Declaration>
			
			
			<Anchor>//api/name/tags</Anchor>
            <NodeRef refid="24"/>
		</Token>
		
		<Token>
			<TokenIdentifier>//apple_ref/occ/instm/BITTelemetryContext/contextDictionary</TokenIdentifier>
			<Abstract type="html">Returns context objects as dictionary.</Abstract>
			<DeclaredIn>BITTelemetryContext.h</DeclaredIn>
			
			<Declaration>- (BITOrderedDictionary *)contextDictionary</Declaration>
			
			<ReturnValue><Abstract type="html">a dictionary containing all context fields</Abstract></ReturnValue>
			<Anchor>//api/name/contextDictionary</Anchor>
            <NodeRef refid="24"/>
		</Token>
		
        
        
	</File>
</Tokens>